"20140322","LAN","ARI",3,1
"20140323","LAN","ARI",7,5
"20140330","LAN","SDN",1,3
"20140331","SEA","ANA",10,3
"20140331","BOS","BAL",1,2
"20140331","MIN","CHA",3,5
"20140331","KCA","DET",3,4
"20140331","CLE","OAK",2,0
"20140331","TOR","TBA",2,9
"20140331","PHI","TEX",14,10
"20140331","SFN","ARI",9,8
"20140331","SLN","CIN",1,0
"20140331","COL","MIA",1,10
"20140331","ATL","MIL",0,2
"20140331","WAS","NYN",9,7
"20140331","CHN","PIT",0,1
"20140401","SEA","ANA",8,3
"20140401","NYA","HOU",2,6
"20140401","TOR","TBA",4,2
"20140401","PHI","TEX",2,3
"20140401","SFN","ARI",4,5
"20140401","COL","MIA",3,4
"20140401","ATL","MIL",5,2
"20140401","LAN","SDN",3,2
"20140402","SEA","ANA",8,2
"20140402","BOS","BAL",6,2
"20140402","MIN","CHA",6,7
"20140402","KCA","DET",1,2
"20140402","NYA","HOU",1,3
"20140402","CLE","OAK",1,6
"20140402","CLE","OAK",6,4
"20140402","TOR","TBA",3,0
"20140402","PHI","TEX",3,4
"20140402","SFN","ARI",2,0
"20140402","SLN","CIN",0,1
"20140402","COL","MIA",6,5
"20140402","ATL","MIL",1,0
"20140402","WAS","NYN",5,1
"20140402","CHN","PIT",3,4
"20140402","LAN","SDN",5,1
"20140403","BOS","BAL",4,3
"20140403","MIN","CHA",10,9
"20140403","NYA","HOU",4,2
"20140403","SEA","OAK",2,3
"20140403","TOR","TBA",2,7
"20140403","SFN","ARI",8,5
"20140403","SLN","CIN",7,6
"20140403","COL","MIA",5,8
"20140403","WAS","NYN",8,2
"20140403","CHN","PIT",3,2
"20140404","MIL","BOS",6,2
"20140404","MIN","CLE",2,7
"20140404","BAL","DET",4,10
"20140404","ANA","HOU",11,1
"20140404","CHA","KCA",5,7
"20140404","TEX","TBA",1,8
"20140404","NYA","TOR",7,3
"20140404","PHI","CHN",7,2
"20140404","ARI","COL",2,12
"20140404","SFN","LAN",8,4
"20140404","SDN","MIA",2,8
"20140404","CIN","NYN",3,4
"20140404","SLN","PIT",2,12
"20140404","ATL","WAS",2,1
"20140405","MIL","BOS",7,6
"20140405","MIN","CLE",7,3
"20140405","BAL","DET",6,7
"20140405","ANA","HOU",5,1
"20140405","CHA","KCA",3,4
"20140405","SEA","OAK",3,1
"20140405","TEX","TBA",4,5
"20140405","NYA","TOR",0,4
"20140405","PHI","CHN",2,0
"20140405","ARI","COL",4,9
"20140405","SFN","LAN",7,2
"20140405","SDN","MIA",0,5
"20140405","CIN","NYN",3,6
"20140405","SLN","PIT",6,1
"20140405","ATL","WAS",6,2
"20140406","MIL","BOS",4,0
"20140406","MIN","CLE",10,7
"20140406","BAL","DET",3,1
"20140406","ANA","HOU",4,7
"20140406","CHA","KCA",5,1
"20140406","SEA","OAK",3,6
"20140406","TEX","TBA",3,0
"20140406","NYA","TOR",6,4
"20140406","PHI","CHN",3,8
"20140406","ARI","COL",5,3
"20140406","SFN","LAN",2,6
"20140406","SDN","MIA",4,2
"20140406","CIN","NYN",2,1
"20140406","SLN","PIT",1,2
"20140406","ATL","WAS",1,2
"20140407","TEX","BOS",1,5
"20140407","ANA","HOU",9,1
"20140407","TBA","KCA",2,4
"20140407","OAK","MIN",8,3
"20140407","BAL","NYA",2,4
"20140407","CHA","COL",1,8
"20140407","CIN","SLN",3,5
"20140408","TEX","BOS",10,7
"20140408","SDN","CLE",6,8
"20140408","TBA","KCA",1,0
"20140408","BAL","NYA",14,5
"20140408","ANA","SEA",3,5
"20140408","HOU","TOR",2,5
"20140408","NYN","ATL",4,0
"20140408","PIT","CHN",7,6
"20140408","CHA","COL",15,3
"20140408","DET","LAN",2,3
"20140408","MIL","PHI",10,4
"20140408","ARI","SFN",3,7
"20140408","CIN","SLN",5,7
"20140408","MIA","WAS",0,5
"20140409","TEX","BOS",2,4
"20140409","SDN","CLE",0,2
"20140409","SDN","CLE",2,1
"20140409","TBA","KCA",3,7
"20140409","OAK","MIN",7,4
"20140409","BAL","NYA",5,4
"20140409","ANA","SEA",2,0
"20140409","HOU","TOR",3,7
"20140409","NYN","ATL",3,4
"20140409","PIT","CHN",5,7
"20140409","CHA","COL",4,10
"20140409","DET","LAN",7,6
"20140409","MIL","PHI",9,4
"20140409","ARI","SFN",7,3
"20140409","CIN","SLN",4,0
"20140409","MIA","WAS",7,10
"20140410","CLE","CHA",3,7
"20140410","OAK","MIN",6,1
"20140410","BOS","NYA",1,4
"20140410","HOU","TOR",6,4
"20140410","NYN","ATL",6,4
"20140410","PIT","CHN",5,4
"20140410","MIL","PHI",6,2
"20140410","ARI","SFN",6,5
"20140410","MIA","WAS",1,7
"20140411","NYN","ANA",4,5
"20140411","TOR","BAL",2,0
"20140411","CLE","CHA",6,9
"20140411","KCA","MIN",1,10
"20140411","BOS","NYA",4,2
"20140411","OAK","SEA",4,6
"20140411","HOU","TEX",0,1
"20140411","LAN","ARI",6,0
"20140411","WAS","ATL",6,7
"20140411","TBA","CIN",2,1
"20140411","PIT","MIL",2,4
"20140411","MIA","PHI",3,6
"20140411","DET","SDN",0,6
"20140411","COL","SFN",5,6
"20140411","CHN","SLN",6,3
"20140412","NYN","ANA",7,6
"20140412","TOR","BAL",1,2
"20140412","CLE","CHA",12,6
"20140412","KCA","MIN",1,7
"20140412","BOS","NYA",4,7
"20140412","OAK","SEA",3,1
"20140412","HOU","TEX",6,5
"20140412","LAN","ARI",8,5
"20140412","WAS","ATL",3,6
"20140412","TBA","CIN",1,0
"20140412","PIT","MIL",2,3
"20140412","MIA","PHI",4,5
"20140412","DET","SDN",6,2
"20140412","COL","SFN",1,0
"20140412","CHN","SLN",4,10
"20140413","NYN","ANA",2,14
"20140413","TOR","BAL",11,3
"20140413","CLE","CHA",3,4
"20140413","KCA","MIN",3,4
"20140413","BOS","NYA",2,3
"20140413","OAK","SEA",3,0
"20140413","HOU","TEX",0,1
"20140413","LAN","ARI",8,6
"20140413","WAS","ATL",2,10
"20140413","TBA","CIN",4,12
"20140413","PIT","MIL",1,4
"20140413","MIA","PHI",3,4
"20140413","DET","SDN",1,5
"20140413","COL","SFN",4,5
"20140413","CHN","SLN",4,6
"20140414","OAK","ANA",3,2
"20140414","TBA","BAL",1,7
"20140414","SEA","TEX",7,1
"20140414","NYN","ARI",7,3
"20140414","PIT","CIN",8,7
"20140414","WAS","MIA",9,2
"20140414","SLN","MIL",4,0
"20140414","ATL","PHI",9,6
"20140414","COL","SDN",4,5
"20140415","OAK","ANA",10,9
"20140415","BOS","CHA",1,2
"20140415","KCA","HOU",4,2
"20140415","TOR","MIN",9,3
"20140415","SEA","TEX",0,5
"20140415","NYN","ARI",9,0
"20140415","PIT","CIN",5,7
"20140415","WAS","MIA",2,11
"20140415","SLN","MIL",6,1
"20140415","COL","SDN",3,2
"20140415","LAN","SFN",2,3
"20140416","OAK","ANA",4,5
"20140416","TBA","BAL",0,3
"20140416","BOS","CHA",6,4
"20140416","CLE","DET",3,2
"20140416","KCA","HOU",6,4
"20140416","CHN","NYA",0,3
"20140416","CHN","NYA",0,2
"20140416","SEA","TEX",2,3
"20140416","NYN","ARI",5,2
"20140416","PIT","CIN",0,4
"20140416","WAS","MIA",6,3
"20140416","SLN","MIL",1,5
"20140416","ATL","PHI",1,0
"20140416","COL","SDN",2,4
"20140416","LAN","SFN",1,2
"20140417","BOS","CHA",3,1
"20140417","CLE","DET",5,7
"20140417","KCA","HOU",5,1
"20140417","TOR","MIN",0,7
"20140417","TOR","MIN",5,9
"20140417","NYA","TBA",10,2
"20140417","SEA","TEX",6,8
"20140417","ATL","PHI",0,1
"20140417","MIL","PIT",2,11
"20140417","COL","SDN",3,1
"20140417","LAN","SFN",2,1
"20140417","SLN","WAS",8,0
"20140418","BAL","BOS",8,4
"20140418","TOR","CLE",3,2
"20140418","ANA","DET",11,6
"20140418","MIN","KCA",0,5
"20140418","HOU","OAK",3,11
"20140418","NYA","TBA",5,11
"20140418","CHA","TEX",0,12
"20140418","CIN","CHN",4,1
"20140418","PHI","COL",1,12
"20140418","ARI","LAN",4,2
"20140418","SEA","MIA",4,8
"20140418","ATL","NYN",6,0
"20140418","MIL","PIT",5,3
"20140418","SFN","SDN",1,2
"20140418","SLN","WAS",1,3
"20140419","BAL","BOS",2,4
"20140419","TOR","CLE",5,0
"20140419","ANA","DET",2,5
"20140419","MIN","KCA",4,5
"20140419","HOU","OAK",3,4
"20140419","NYA","TBA",1,16
"20140419","CHA","TEX",3,6
"20140419","CIN","CHN",4,8
"20140419","PHI","COL",1,3
"20140419","ARI","LAN",6,8
"20140419","SEA","MIA",0,7
"20140419","ATL","NYN",7,5
"20140419","MIL","PIT",8,7
"20140419","SFN","SDN",1,3
"20140419","SLN","WAS",4,3
"20140420","BAL","BOS",5,6
"20140420","TOR","CLE",4,6
"20140420","ANA","DET",1,2
"20140420","MIN","KCA",8,3
"20140420","HOU","OAK",1,4
"20140420","NYA","TBA",5,1
"20140420","CHA","TEX",16,2
"20140420","CIN","CHN",8,2
"20140420","PHI","COL",10,9
"20140420","ARI","LAN",1,4
"20140420","SEA","MIA",2,3
"20140420","ATL","NYN",3,4
"20140420","MIL","PIT",3,2
"20140420","SFN","SDN",4,3
"20140420","SLN","WAS",2,3
"20140421","BAL","BOS",7,6
"20140421","KCA","CLE",3,4
"20140421","CHA","DET",3,1
"20140421","TEX","OAK",4,3
"20140421","HOU","SEA",7,2
"20140421","MIA","ATL",2,4
"20140421","ARI","CHN",1,5
"20140421","SFN","COL",2,8
"20140421","PHI","LAN",7,0
"20140421","SDN","MIL",3,4
"20140421","SLN","NYN",0,2
"20140421","CIN","PIT",5,6
"20140421","ANA","WAS",4,2
"20140422","NYA","BOS",9,3
"20140422","KCA","CLE",8,2
"20140422","CHA","DET",6,8
"20140422","TEX","OAK",5,4
"20140422","HOU","SEA",5,2
"20140422","MIN","TBA",3,7
"20140422","BAL","TOR",3,9
"20140422","MIA","ATL",1,0
"20140422","ARI","CHN",2,9
"20140422","SFN","COL",1,2
"20140422","PHI","LAN",3,2
"20140422","SDN","MIL",2,1
"20140422","SLN","NYN",3,0
"20140422","CIN","PIT",4,1
"20140422","ANA","WAS",7,2
"20140423","NYA","BOS",1,5
"20140423","KCA","CLE",3,5
"20140423","CHA","DET",6,4
"20140423","TEX","OAK",3,0
"20140423","HOU","SEA",3,5
"20140423","MIN","TBA",6,4
"20140423","BAL","TOR",10,8
"20140423","MIA","ATL",1,3
"20140423","ARI","CHN",7,5
"20140423","SFN","COL",12,10
"20140423","PHI","LAN",2,5
"20140423","SDN","MIL",2,5
"20140423","SLN","NYN",2,3
"20140423","CIN","PIT",5,2
"20140423","ANA","WAS",4,5
"20140424","NYA","BOS",14,5
"20140424","KCA","CLE",1,5
"20140424","CHA","DET",4,7
"20140424","OAK","HOU",10,1
"20140424","MIN","TBA",9,7
"20140424","BAL","TOR",11,4
"20140424","ARI","CHN",5,2
"20140424","PHI","LAN",7,3
"20140424","SLN","NYN",1,4
"20140424","CIN","PIT",2,1
"20140424","SDN","WAS",4,3
"20140425","KCA","BAL",5,0
"20140425","TBA","CHA",6,9
"20140425","OAK","HOU",12,5
"20140425","DET","MIN",10,6
"20140425","ANA","NYA",13,1
"20140425","TEX","SEA",5,6
"20140425","BOS","TOR",8,1
"20140425","PHI","ARI",4,5
"20140425","CIN","ATL",4,5
"20140425","COL","LAN",5,4
"20140425","CHN","MIL",2,5
"20140425","MIA","NYN",3,4
"20140425","CLE","SFN",1,5
"20140425","PIT","SLN",0,1
"20140425","SDN","WAS",1,11
"20140426","KCA","BAL",2,3
"20140426","TBA","CHA",4,0
"20140426","OAK","HOU",6,7
"20140426","DET","MIN",3,5
"20140426","ANA","NYA",3,4
"20140426","TEX","SEA",6,3
"20140426","BOS","TOR",7,6
"20140426","PHI","ARI",6,5
"20140426","CIN","ATL",1,4
"20140426","COL","LAN",3,6
"20140426","CHN","MIL",3,5
"20140426","MIA","NYN",7,6
"20140426","CLE","SFN",3,5
"20140426","PIT","SLN",6,1
"20140426","SDN","WAS",0,4
"20140427","KCA","BAL",9,3
"20140427","TBA","CHA",2,9
"20140427","OAK","HOU",1,5
"20140427","ANA","NYA",2,3
"20140427","TEX","SEA",5,6
"20140427","BOS","TOR",1,7
"20140427","PHI","ARI",2,0
"20140427","CIN","ATL",0,1
"20140427","COL","LAN",6,1
"20140427","CHN","MIL",4,0
"20140427","MIA","NYN",0,4
"20140427","CLE","SFN",1,4
"20140427","PIT","SLN",0,7
"20140427","SDN","WAS",4,2
"20140428","CLE","ANA",3,6
"20140428","TBA","CHA",3,7
"20140428","OAK","TEX",4,0
"20140428","COL","ARI",8,5
"20140428","SDN","SFN",6,4
"20140428","MIL","SLN",5,3
"20140429","CLE","ANA",4,6
"20140429","TBA","BOS",4,7
"20140429","DET","CHA",4,3
"20140429","WAS","HOU",4,3
"20140429","TOR","KCA",7,10
"20140429","SEA","NYA",6,3
"20140429","OAK","TEX",9,3
"20140429","COL","ARI",5,4
"20140429","CHN","CIN",2,3
"20140429","ATL","MIA",0,9
"20140429","NYN","PHI",6,1
"20140429","SDN","SFN",0,6
"20140429","MIL","SLN",5,4
"20140430","CLE","ANA",1,7
"20140430","DET","CHA",5,1
"20140430","WAS","HOU",7,0
"20140430","TOR","KCA",2,4
"20140430","LAN","MIN",6,4
"20140430","OAK","TEX",12,1
"20140430","COL","ARI",4,5
"20140430","CHN","CIN",9,4
"20140430","ATL","MIA",3,9
"20140430","SDN","SFN",2,3
"20140430","MIL","SLN",3,9
"20140501","PIT","BAL",1,5
"20140501","PIT","BAL",5,6
"20140501","TBA","BOS",2,1
"20140501","TBA","BOS",6,5
"20140501","TOR","KCA",7,3
"20140501","LAN","MIN",9,4
"20140501","LAN","MIN",4,3
"20140501","SEA","NYA",4,2
"20140501","MIL","CIN",3,8
"20140501","NYN","COL",4,7
"20140501","ATL","MIA",4,5
"20140502","TEX","ANA",5,2
"20140502","OAK","BOS",1,7
"20140502","CHA","CLE",5,12
"20140502","SEA","HOU",4,5
"20140502","DET","KCA",8,2
"20140502","BAL","MIN",3,0
"20140502","TBA","NYA",10,5
"20140502","SFN","ATL",2,1
"20140502","SLN","CHN",5,6
"20140502","MIL","CIN",2,0
"20140502","NYN","COL",3,10
"20140502","LAN","MIA",3,6
"20140502","WAS","PHI",5,3
"20140502","TOR","PIT",5,6
"20140502","ARI","SDN",2,0
"20140503","TEX","ANA",3,5
"20140503","OAK","BOS",3,6
"20140503","CHA","CLE",0,2
"20140503","SEA","HOU",9,8
"20140503","DET","KCA",9,2
"20140503","BAL","MIN",1,6
"20140503","TBA","NYA",3,9
"20140503","SFN","ATL",3,1
"20140503","SLN","CHN",0,3
"20140503","MIL","CIN",2,6
"20140503","NYN","COL",10,11
"20140503","LAN","MIA",9,7
"20140503","WAS","PHI",2,7
"20140503","TOR","PIT",6,8
"20140503","ARI","SDN",4,3
"20140504","TEX","ANA",14,3
"20140504","OAK","BOS",3,2
"20140504","CHA","CLE",4,3
"20140504","SEA","HOU",8,7
"20140504","DET","KCA",9,4
"20140504","BAL","MIN",2,5
"20140504","TBA","NYA",5,1
"20140504","SFN","ATL",4,1
"20140504","SLN","CHN",5,4
"20140504","MIL","CIN",3,4
"20140504","NYN","COL",5,1
"20140504","LAN","MIA",4,5
"20140504","WAS","PHI",0,1
"20140504","TOR","PIT",7,2
"20140504","ARI","SDN",3,4
"20140505","NYA","ANA",1,4
"20140505","MIN","CLE",1,0
"20140505","HOU","DET",0,2
"20140505","SEA","OAK",4,2
"20140505","SLN","ATL",4,3
"20140505","CHA","CHN",3,1
"20140505","TEX","COL",2,8
"20140505","NYN","MIA",3,4
"20140505","ARI","MIL",3,8
"20140505","TOR","PHI",3,0
"20140505","SFN","PIT",11,10
"20140505","KCA","SDN",5,6
"20140505","LAN","WAS",0,4
"20140506","NYA","ANA",4,3
"20140506","CIN","BOS",3,4
"20140506","MIN","CLE",2,4
"20140506","HOU","DET",4,11
"20140506","SEA","OAK",8,3
"20140506","BAL","TBA",5,3
"20140506","SLN","ATL",1,2
"20140506","CHA","CHN",5,1
"20140506","TEX","COL",1,12
"20140506","NYN","MIA",0,3
"20140506","ARI","MIL",7,5
"20140506","TOR","PHI",6,5
"20140506","SFN","PIT",1,2
"20140506","KCA","SDN",3,1
"20140506","LAN","WAS",8,3
"20140507","NYA","ANA",9,2
"20140507","CIN","BOS",3,4
"20140507","CHN","CHA",3,8
"20140507","MIN","CLE",3,4
"20140507","HOU","DET",2,3
"20140507","SEA","OAK",6,4
"20140507","SEA","OAK",0,2
"20140507","BAL","TBA",4,3
"20140507","COL","TEX",9,2
"20140507","PHI","TOR",0,10
"20140507","SLN","ATL",7,1
"20140507","NYN","MIA",0,1
"20140507","ARI","MIL",3,2
"20140507","SFN","PIT",3,4
"20140507","KCA","SDN",8,0
"20140507","LAN","WAS",2,3
"20140508","CHN","CHA",12,5
"20140508","MIN","CLE",4,9
"20140508","HOU","DET",6,2
"20140508","KCA","SEA",0,1
"20140508","BAL","TBA",3,1
"20140508","COL","TEX",0,5
"20140508","PHI","TOR",6,12
"20140508","SFN","LAN",3,1
"20140508","MIA","SDN",3,1
"20140509","HOU","BAL",3,4
"20140509","ARI","CHA",3,9
"20140509","MIN","DET",2,1
"20140509","WAS","OAK",0,8
"20140509","KCA","SEA",6,1
"20140509","CLE","TBA",6,3
"20140509","BOS","TEX",0,8
"20140509","ANA","TOR",4,3
"20140509","CHN","ATL",2,3
"20140509","COL","CIN",3,4
"20140509","SFN","LAN",3,1
"20140509","NYA","MIL",5,3
"20140509","PHI","NYN",3,2
"20140509","SLN","PIT",4,6
"20140509","MIA","SDN",1,10
"20140510","HOU","BAL",4,5
"20140510","ARI","CHA",4,3
"20140510","MIN","DET",3,9
"20140510","WAS","OAK",3,4
"20140510","KCA","SEA",1,3
"20140510","CLE","TBA",1,7
"20140510","BOS","TEX",8,3
"20140510","ANA","TOR",5,3
"20140510","CHN","ATL",0,2
"20140510","COL","CIN",11,2
"20140510","SFN","LAN",2,6
"20140510","NYA","MIL",4,5
"20140510","PHI","NYN",5,4
"20140510","SLN","PIT",3,4
"20140510","MIA","SDN",3,9
"20140511","HOU","BAL",5,2
"20140511","ARI","CHA",5,1
"20140511","MIN","DET",4,3
"20140511","WAS","OAK",1,9
"20140511","KCA","SEA",9,7
"20140511","CLE","TBA",6,5
"20140511","BOS","TEX",5,2
"20140511","ANA","TOR",9,3
"20140511","CHN","ATL",2,5
"20140511","COL","CIN",1,4
"20140511","SFN","LAN",7,4
"20140511","NYA","MIL",5,6
"20140511","PHI","NYN",4,5
"20140511","SLN","PIT",6,5
"20140511","MIA","SDN",4,5
"20140512","DET","BAL",4,1
"20140512","TEX","HOU",4,0
"20140512","NYN","NYA",9,7
"20140512","CHA","OAK",4,5
"20140512","TBA","SEA",5,12
"20140512","ANA","TOR",3,7
"20140512","WAS","ARI",6,5
"20140512","MIA","LAN",5,6
"20140512","ATL","SFN",2,4
"20140512","CHN","SLN",17,5
"20140513","DET","BAL",4,1
"20140513","TEX","HOU",0,8
"20140513","COL","KCA",1,5
"20140513","BOS","MIN",6,8
"20140513","NYN","NYA",12,7
"20140513","CHA","OAK",0,11
"20140513","TBA","SEA",2,1
"20140513","CLE","TOR",4,5
"20140513","WAS","ARI",1,3
"20140513","SDN","CIN",2,1
"20140513","MIA","LAN",1,7
"20140513","PIT","MIL",2,5
"20140513","ANA","PHI",4,3
"20140513","ATL","SFN",5,0
"20140513","CHN","SLN",3,4
"20140514","DET","BAL",7,5
"20140514","TEX","HOU",4,5
"20140514","COL","KCA",2,3
"20140514","BOS","MIN",9,4
"20140514","CHA","OAK",4,2
"20140514","TBA","SEA",2,0
"20140514","CLE","TOR",15,4
"20140514","WAS","ARI",5,1
"20140514","MIA","LAN",13,3
"20140514","PIT","MIL",4,1
"20140514","NYA","NYN",4,0
"20140514","ANA","PHI",3,0
"20140514","ATL","SFN",4,10
"20140515","TBA","ANA",5,6
"20140515","BAL","KCA",2,1
"20140515","BOS","MIN",3,4
"20140515","CLE","TOR",2,4
"20140515","SDN","CIN",0,5
"20140515","SDN","CIN",6,1
"20140515","PIT","MIL",3,4
"20140515","NYA","NYN",1,0
"20140515","MIA","SFN",4,6
"20140515","CHN","SLN",3,5
"20140516","TBA","ANA",3,0
"20140516","DET","BOS",1,0
"20140516","OAK","CLE",11,1
"20140516","CHA","HOU",7,2
"20140516","BAL","KCA",4,0
"20140516","SEA","MIN",4,5
"20140516","TOR","TEX",2,0
"20140516","LAN","ARI",7,0
"20140516","MIL","CHN",4,3
"20140516","SDN","COL",1,3
"20140516","CIN","PHI",3,0
"20140516","MIA","SFN",7,5
"20140516","ATL","SLN",2,5
"20140516","NYN","WAS",2,5
"20140517","TBA","ANA",0,6
"20140517","DET","BOS",6,1
"20140517","OAK","CLE",6,2
"20140517","CHA","HOU",5,6
"20140517","BAL","KCA",0,1
"20140517","SEA","MIN",3,4
"20140517","PIT","NYA",1,7
"20140517","TOR","TEX",4,2
"20140517","LAN","ARI",7,18
"20140517","MIL","CHN",0,3
"20140517","SDN","COL",8,5
"20140517","CIN","PHI",1,12
"20140517","MIA","SFN",5,0
"20140517","ATL","SLN",1,4
"20140517","NYN","WAS",5,2
"20140518","TBA","ANA",2,6
"20140518","DET","BOS",6,2
"20140518","OAK","CLE",13,3
"20140518","CHA","HOU",2,8
"20140518","BAL","KCA",6,8
"20140518","SEA","MIN",6,2
"20140518","PIT","NYA",3,4
"20140518","PIT","NYA",5,3
"20140518","TOR","TEX",2,6
"20140518","LAN","ARI",3,5
"20140518","MIL","CHN",2,4
"20140518","SDN","COL",6,8
"20140518","CIN","PHI",3,8
"20140518","MIA","SFN",1,4
"20140518","ATL","SLN",6,5
"20140518","NYN","WAS",3,6
"20140519","HOU","ANA",5,2
"20140519","DET","CLE",4,5
"20140519","CHA","KCA",7,6
"20140519","MIL","ATL",3,9
"20140519","CIN","WAS",4,3
"20140520","HOU","ANA",3,9
"20140520","TOR","BOS",7,4
"20140520","DET","CLE",2,6
"20140520","CHA","KCA",7,6
"20140520","OAK","TBA",3,0
"20140520","SEA","TEX",6,2
"20140520","MIL","ATL",0,5
"20140520","NYA","CHN",1,6
"20140520","SFN","COL",4,5
"20140520","PHI","MIA",6,5
"20140520","LAN","NYN",9,4
"20140520","BAL","PIT",9,2
"20140520","MIN","SDN",5,3
"20140520","ARI","SLN",0,5
"20140520","CIN","WAS",4,9
"20140521","HOU","ANA",1,2
"20140521","TOR","BOS",6,4
"20140521","DET","CLE",10,11
"20140521","CHA","KCA",1,3
"20140521","OAK","TBA",3,2
"20140521","SEA","TEX",3,4
"20140521","MIL","ATL",6,1
"20140521","NYA","CHN",4,2
"20140521","SFN","COL",5,1
"20140521","PHI","MIA",5,14
"20140521","LAN","NYN",4,3
"20140521","BAL","PIT",8,9
"20140521","MIN","SDN",2,0
"20140521","ARI","SLN",2,3
"20140521","CIN","WAS",2,1
"20140522","CLE","BAL",8,7
"20140522","TOR","BOS",7,2
"20140522","NYA","CHA",2,3
"20140522","TEX","DET",9,2
"20140522","HOU","SEA",1,3
"20140522","OAK","TBA",2,5
"20140522","MIL","ATL",4,5
"20140522","SFN","COL",4,2
"20140522","PHI","MIA",3,4
"20140522","LAN","NYN",3,5
"20140522","WAS","PIT",1,3
"20140522","CHN","SDN",5,1
"20140522","ARI","SLN",2,4
"20140523","KCA","ANA",1,6
"20140523","CLE","BAL",4,8
"20140523","NYA","CHA",5,6
"20140523","TEX","DET",2,7
"20140523","HOU","SEA",1,6
"20140523","BOS","TBA",0,1
"20140523","OAK","TOR",2,3
"20140523","COL","ATL",2,3
"20140523","SLN","CIN",3,5
"20140523","MIL","MIA",9,5
"20140523","LAN","PHI",2,0
"20140523","WAS","PIT",3,4
"20140523","CHN","SDN",1,11
"20140523","MIN","SFN",2,6
"20140524","KCA","ANA",7,4
"20140524","CLE","BAL",9,0
"20140524","NYA","CHA",4,3
"20140524","TEX","DET",12,2
"20140524","HOU","SEA",9,4
"20140524","BOS","TBA",5,6
"20140524","OAK","TOR",2,5
"20140524","COL","ATL",3,1
"20140524","SLN","CIN",6,3
"20140524","MIL","MIA",1,2
"20140524","ARI","NYN",3,2
"20140524","LAN","PHI",3,5
"20140524","WAS","PIT",2,3
"20140524","CHN","SDN",3,2
"20140524","MIN","SFN",1,2
"20140525","KCA","ANA",3,4
"20140525","CLE","BAL",2,4
"20140525","NYA","CHA",7,1
"20140525","TEX","DET",12,4
"20140525","HOU","SEA",4,1
"20140525","BOS","TBA",5,8
"20140525","OAK","TOR",1,3
"20140525","COL","ATL",0,7
"20140525","SLN","CIN",4,0
"20140525","MIL","MIA",7,1
"20140525","ARI","NYN",2,1
"20140525","ARI","NYN",2,4
"20140525","LAN","PHI",6,0
"20140525","WAS","PIT",5,2
"20140525","CHN","SDN",3,4
"20140525","MIN","SFN",1,8
"20140526","CLE","CHA",2,6
"20140526","HOU","KCA",9,2
"20140526","TEX","MIN",7,2
"20140526","DET","OAK",0,10
"20140526","ANA","SEA",1,5
"20140526","TBA","TOR",5,10
"20140526","SDN","ARI",5,7
"20140526","BOS","ATL",8,6
"20140526","CIN","LAN",3,4
"20140526","BAL","MIL",7,6
"20140526","PIT","NYN",5,3
"20140526","COL","PHI",0,9
"20140526","CHN","SFN",8,4
"20140526","NYA","SLN",6,4
"20140526","MIA","WAS",3,2
"20140527","CLE","CHA",1,2
"20140527","HOU","KCA",3,0
"20140527","TEX","MIN",3,4
"20140527","DET","OAK",6,5
"20140527","ANA","SEA",6,4
"20140527","TBA","TOR",6,9
"20140527","SDN","ARI",4,3
"20140527","BOS","ATL",6,3
"20140527","CIN","LAN",3,6
"20140527","BAL","MIL",6,7
"20140527","PIT","NYN",2,4
"20140527","COL","PHI",6,2
"20140527","CHN","SFN",0,4
"20140527","NYA","SLN",0,6
"20140528","ATL","BOS",0,4
"20140528","CLE","CHA",2,3
"20140528","HOU","KCA",9,3
"20140528","TEX","MIN",1,0
"20140528","DET","OAK",1,3
"20140528","ANA","SEA",1,3
"20140528","TBA","TOR",2,3
"20140528","SDN","ARI",6,12
"20140528","CIN","LAN",3,2
"20140528","BAL","MIL",3,8
"20140528","PIT","NYN",0,5
"20140528","COL","PHI",3,6
"20140528","CHN","SFN",0,5
"20140528","NYA","SLN",7,4
"20140528","MIA","WAS",8,5
"20140529","ATL","BOS",3,4
"20140529","BAL","HOU",1,3
"20140529","TEX","MIN",5,4
"20140529","DET","OAK",5,4
"20140529","ANA","SEA",7,5
"20140529","KCA","TOR",8,6
"20140529","CIN","ARI",0,4
"20140529","PIT","LAN",6,3
"20140529","NYN","PHI",4,1
"20140529","SFN","SLN",6,5
"20140530","TBA","BOS",2,3
"20140530","SDN","CHA",4,1
"20140530","COL","CLE",2,5
"20140530","BAL","HOU",1,2
"20140530","MIN","NYA",6,1
"20140530","ANA","OAK",5,9
"20140530","DET","SEA",6,3
"20140530","KCA","TOR",6,1
"20140530","CIN","ARI",6,4
"20140530","PIT","LAN",2,1
"20140530","ATL","MIA",3,2
"20140530","CHN","MIL",5,11
"20140530","NYN","PHI",5,6
"20140530","SFN","SLN",9,4
"20140530","TEX","WAS",2,9
"20140531","TBA","BOS",1,7
"20140531","SDN","CHA",4,2
"20140531","COL","CLE",6,7
"20140531","BAL","HOU",4,1
"20140531","MIN","NYA",1,3
"20140531","ANA","OAK",3,11
"20140531","DET","SEA",2,3
"20140531","KCA","TOR",2,12
"20140531","CIN","ARI",5,0
"20140531","PIT","LAN",2,12
"20140531","ATL","MIA",9,5
"20140531","CHN","MIL",8,0
"20140531","NYN","PHI",5,4
"20140531","SFN","SLN",0,2
"20140531","TEX","WAS",2,10
"20140601","TBA","BOS",0,4
"20140601","SDN","CHA",1,4
"20140601","COL","CLE",4,6
"20140601","BAL","HOU",9,4
"20140601","MIN","NYA",7,2
"20140601","ANA","OAK",3,6
"20140601","DET","SEA",0,4
"20140601","KCA","TOR",0,4
"20140601","CIN","ARI",4,3
"20140601","PIT","LAN",5,3
"20140601","ATL","MIA",4,2
"20140601","CHN","MIL",0,9
"20140601","NYN","PHI",4,3
"20140601","SFN","SLN",8,0
"20140601","TEX","WAS",2,0
"20140602","BOS","CLE",2,3
"20140602","SEA","NYA",10,2
"20140602","CHA","LAN",2,5
"20140602","TBA","MIA",1,3
"20140602","MIN","MIL",2,6
"20140602","NYN","PHI",11,2
"20140602","PIT","SDN",10,3
"20140602","KCA","SLN",6,0
"20140603","BOS","CLE",3,5
"20140603","TOR","DET",5,3
"20140603","ANA","HOU",2,7
"20140603","OAK","NYA",5,2
"20140603","BAL","TEX",8,3
"20140603","SEA","ATL",7,5
"20140603","NYN","CHN",1,2
"20140603","SFN","CIN",3,8
"20140603","ARI","COL",4,2
"20140603","CHA","LAN",4,1
"20140603","TBA","MIA",0,1
"20140603","MIN","MIL",6,4
"20140603","PIT","SDN",4,1
"20140603","KCA","SLN",8,7
"20140603","PHI","WAS",0,7
"20140604","BOS","CLE",4,7
"20140604","TOR","DET",8,2
"20140604","ANA","HOU",4,0
"20140604","SLN","KCA",5,2
"20140604","MIL","MIN",4,6
"20140604","OAK","NYA",7,4
"20140604","MIA","TBA",5,4
"20140604","BAL","TEX",6,5
"20140604","SEA","ATL",2,0
"20140604","NYN","CHN",4,5
"20140604","SFN","CIN",3,2
"20140604","ARI","COL",16,8
"20140604","CHA","LAN",2,1
"20140604","PIT","SDN",2,3
"20140604","PHI","WAS",4,8
"20140605","TOR","DET",7,3
"20140605","ANA","HOU",5,8
"20140605","SLN","KCA",2,3
"20140605","MIL","MIN",8,5
"20140605","OAK","NYA",1,2
"20140605","MIA","TBA",11,6
"20140605","BAL","TEX",6,8
"20140605","NYN","CHN",4,7
"20140605","SFN","CIN",6,1
"20140605","ARI","COL",12,7
"20140605","PHI","WAS",2,4
"20140606","CHA","ANA",4,8
"20140606","OAK","BAL",4,3
"20140606","BOS","DET",2,6
"20140606","NYA","KCA",4,2
"20140606","HOU","MIN",5,4
"20140606","SEA","TBA",0,4
"20140606","CLE","TEX",4,6
"20140606","SLN","TOR",1,3
"20140606","ATL","ARI",5,2
"20140606","MIA","CHN",3,5
"20140606","PHI","CIN",8,0
"20140606","LAN","COL",7,2
"20140606","MIL","PIT",5,15
"20140606","WAS","SDN",6,0
"20140606","NYN","SFN",2,4
"20140607","CHA","ANA",5,6
"20140607","OAK","BAL",3,6
"20140607","BOS","DET",6,8
"20140607","NYA","KCA",4,8
"20140607","HOU","MIN",0,8
"20140607","SEA","TBA",7,4
"20140607","CLE","TEX",8,3
"20140607","SLN","TOR",5,0
"20140607","ATL","ARI",3,4
"20140607","MIA","CHN",2,5
"20140607","PHI","CIN",5,6
"20140607","LAN","COL",4,5
"20140607","MIL","PIT",9,3
"20140607","WAS","SDN",3,4
"20140607","NYN","SFN",4,5
"20140608","CHA","ANA",2,4
"20140608","OAK","BAL",11,1
"20140608","BOS","DET",5,3
"20140608","NYA","KCA",1,2
"20140608","HOU","MIN",14,5
"20140608","SEA","TBA",5,0
"20140608","CLE","TEX",3,2
"20140608","SLN","TOR",5,0
"20140608","ATL","ARI",5,6
"20140608","MIA","CHN",4,3
"20140608","PHI","CIN",1,4
"20140608","LAN","COL",6,1
"20140608","MIL","PIT",1,0
"20140608","WAS","SDN",6,0
"20140608","NYN","SFN",4,6
"20140609","OAK","ANA",1,4
"20140609","BOS","BAL",0,4
"20140609","DET","CHA",5,6
"20140609","SEA","TBA",3,0
"20140609","CLE","TEX",17,7
"20140609","MIN","TOR",4,5
"20140609","HOU","ARI",4,3
"20140609","LAN","CIN",6,2
"20140609","ATL","COL",3,1
"20140609","CHN","PIT",2,6
"20140609","WAS","SFN",9,2
"20140610","OAK","ANA",1,2
"20140610","BOS","BAL",1,0
"20140610","CLE","KCA",5,9
"20140610","NYA","SEA",3,2
"20140610","SLN","TBA",1,0
"20140610","MIA","TEX",8,5
"20140610","MIN","TOR",4,0
"20140610","HOU","ARI",1,4
"20140610","LAN","CIN",6,1
"20140610","ATL","COL",13,10
"20140610","MIL","NYN",2,6
"20140610","SDN","PHI",2,5
"20140610","CHN","PIT",7,3
"20140610","WAS","SFN",2,1
"20140611","OAK","ANA",7,1
"20140611","BOS","BAL",0,6
"20140611","DET","CHA",2,8
"20140611","ARI","HOU",1,5
"20140611","CLE","KCA",1,4
"20140611","NYA","SEA",4,2
"20140611","SLN","TBA",3,6
"20140611","MIA","TEX",0,6
"20140611","MIN","TOR",7,2
"20140611","LAN","CIN",0,5
"20140611","ATL","COL",2,8
"20140611","MIL","NYN",3,1
"20140611","SDN","PHI",0,3
"20140611","CHN","PIT",2,4
"20140611","WAS","SFN",6,2
"20140612","TOR","BAL",2,4
"20140612","CLE","BOS",2,5
"20140612","DET","CHA",4,0
"20140612","ARI","HOU",4,5
"20140612","NYA","SEA",6,3
"20140612","LAN","CIN",1,4
"20140612","ATL","COL",3,10
"20140612","MIL","NYN",5,1
"20140612","SDN","PHI",3,7
"20140612","CHN","PIT",0,4
"20140612","WAS","SFN",1,7
"20140613","TOR","BAL",4,0
"20140613","CLE","BOS",3,10
"20140613","KCA","CHA",7,2
"20140613","MIN","DET",2,0
"20140613","TBA","HOU",6,1
"20140613","NYA","OAK",7,0
"20140613","TEX","SEA",1,0
"20140613","ANA","ATL",3,4
"20140613","ARI","LAN",3,4
"20140613","PIT","MIA",8,6
"20140613","CIN","MIL",6,5
"20140613","SDN","NYN",2,6
"20140613","CHN","PHI",2,1
"20140613","COL","SFN",7,4
"20140613","WAS","SLN",0,1
"20140614","TOR","BAL",2,3
"20140614","CLE","BOS",3,2
"20140614","KCA","CHA",9,1
"20140614","MIN","DET",9,12
"20140614","TBA","HOU",3,7
"20140614","NYA","OAK",1,5
"20140614","TEX","SEA",4,3
"20140614","ANA","ATL",11,6
"20140614","ARI","LAN",4,6
"20140614","PIT","MIA",8,6
"20140614","CIN","MIL",2,4
"20140614","SDN","NYN",5,0
"20140614","CHN","PHI",4,7
"20140614","COL","SFN",5,4
"20140614","WAS","SLN",1,4
"20140615","TOR","BAL",5,2
"20140615","CLE","BOS",3,2
"20140615","KCA","CHA",6,3
"20140615","MIN","DET",3,4
"20140615","TBA","HOU",4,3
"20140615","NYA","OAK",5,10
"20140615","TEX","SEA",1,5
"20140615","ANA","ATL",3,7
"20140615","ARI","LAN",6,3
"20140615","PIT","MIA",2,3
"20140615","CIN","MIL",13,4
"20140615","SDN","NYN",1,3
"20140615","CHN","PHI",3,0
"20140615","COL","SFN",8,7
"20140615","WAS","SLN",2,5
"20140616","MIN","BOS",0,1
"20140616","ANA","CLE",3,4
"20140616","KCA","DET",11,8
"20140616","TEX","OAK",14,8
"20140616","SDN","SEA",1,5
"20140616","BAL","TBA",4,5
"20140616","MIL","ARI",9,3
"20140616","PHI","ATL",6,1
"20140616","COL","LAN",1,6
"20140616","CHN","MIA",5,4
"20140616","NYN","SLN",2,6
"20140617","MIN","BOS",1,2
"20140617","SFN","CHA",2,8
"20140617","ANA","CLE",9,3
"20140617","KCA","DET",11,4
"20140617","TOR","NYA",1,3
"20140617","TEX","OAK",6,10
"20140617","SDN","SEA",1,6
"20140617","BAL","TBA",7,5
"20140617","MIL","ARI",7,5
"20140617","PHI","ATL",5,2
"20140617","COL","LAN",2,4
"20140617","CHN","MIA",5,6
"20140617","CIN","PIT",6,5
"20140617","NYN","SLN",2,5
"20140617","HOU","WAS",5,6
"20140618","MIN","BOS",1,2
"20140618","SFN","CHA",6,7
"20140618","KCA","DET",2,1
"20140618","TOR","NYA",3,7
"20140618","TEX","OAK",2,4
"20140618","BAL","TBA",2,0
"20140618","MIL","ARI",3,4
"20140618","PHI","ATL",10,5
"20140618","COL","LAN",0,8
"20140618","CHN","MIA",6,1
"20140618","CIN","PIT",11,4
"20140618","SEA","SDN",1,2
"20140618","NYN","SLN",3,2
"20140618","HOU","WAS",5,6
"20140619","ANA","CLE",3,5
"20140619","KCA","DET",1,2
"20140619","CHA","MIN",2,4
"20140619","TOR","NYA",4,6
"20140619","BOS","OAK",2,4
"20140619","HOU","TBA",0,5
"20140619","MIL","ARI",4,1
"20140619","NYN","MIA",1,0
"20140619","CIN","PIT",3,4
"20140619","SEA","SDN",1,4
"20140619","PHI","SLN",4,1
"20140619","ATL","WAS",3,0
"20140620","TEX","ANA",3,7
"20140620","DET","CLE",6,4
"20140620","SEA","KCA",7,5
"20140620","CHA","MIN",4,5
"20140620","BAL","NYA",3,5
"20140620","BOS","OAK",3,4
"20140620","HOU","TBA",3,1
"20140620","SFN","ARI",1,4
"20140620","PIT","CHN",3,6
"20140620","TOR","CIN",14,9
"20140620","MIL","COL",13,10
"20140620","NYN","MIA",2,3
"20140620","LAN","SDN",5,6
"20140620","PHI","SLN",5,1
"20140620","ATL","WAS",6,4
"20140621","TEX","ANA",2,3
"20140621","DET","CLE",5,4
"20140621","SEA","KCA",2,1
"20140621","CHA","MIN",3,4
"20140621","BAL","NYA",6,1
"20140621","BOS","OAK",1,2
"20140621","HOU","TBA",0,8
"20140621","SFN","ARI",6,4
"20140621","PIT","CHN",5,3
"20140621","TOR","CIN",1,11
"20140621","MIL","COL",9,4
"20140621","NYN","MIA",4,0
"20140621","LAN","SDN",4,2
"20140621","PHI","SLN",1,4
"20140621","ATL","WAS",0,3
"20140622","TEX","ANA",2,5
"20140622","DET","CLE",10,4
"20140622","SEA","KCA",2,1
"20140622","CHA","MIN",5,6
"20140622","BAL","NYA",8,0
"20140622","BOS","OAK",7,6
"20140622","HOU","TBA",2,5
"20140622","SFN","ARI",4,1
"20140622","PIT","CHN",2,1
"20140622","TOR","CIN",3,4
"20140622","MIL","COL",6,5
"20140622","NYN","MIA",11,5
"20140622","LAN","SDN",2,1
"20140622","PHI","SLN",3,5
"20140622","ATL","WAS",1,4
"20140623","CHA","BAL",4,6
"20140623","LAN","KCA",3,5
"20140623","BOS","SEA",3,12
"20140623","PIT","TBA",8,1
"20140623","NYA","TOR",3,8
"20140623","CIN","CHN",6,1
"20140623","SLN","COL",8,0
"20140623","WAS","MIL",3,0
"20140623","MIA","PHI",4,0
"20140623","SDN","SFN",6,0
"20140624","MIN","ANA",6,8
"20140624","CHA","BAL",4,2
"20140624","ATL","HOU",3,2
"20140624","LAN","KCA",2,0
"20140624","BOS","SEA",2,8
"20140624","PIT","TBA",6,5
"20140624","DET","TEX",8,2
"20140624","NYA","TOR",6,7
"20140624","CLE","ARI",8,9
"20140624","CIN","CHN",3,7
"20140624","SLN","COL",5,10
"20140624","WAS","MIL",4,2
"20140624","OAK","NYN",1,10
"20140624","MIA","PHI",4,7
"20140624","SDN","SFN",7,2
"20140625","MIN","ANA",2,6
"20140625","CHA","BAL",4,5
"20140625","ATL","HOU",4,0
"20140625","LAN","KCA",5,4
"20140625","BOS","SEA",5,4
"20140625","PIT","TBA",1,5
"20140625","DET","TEX",8,6
"20140625","NYA","TOR",5,3
"20140625","CLE","ARI",6,1
"20140625","CIN","CHN",4,1
"20140625","SLN","COL",9,6
"20140625","WAS","MIL",2,9
"20140625","OAK","NYN",8,5
"20140625","MIA","PHI",3,2
"20140625","SDN","SFN",0,4
"20140626","MIN","ANA",4,6
"20140626","ATL","HOU",1,6
"20140626","DET","TEX",6,0
"20140626","CHA","TOR",0,7
"20140626","WAS","CHN",3,5
"20140626","SLN","LAN",0,1
"20140626","COL","MIL",4,7
"20140626","MIA","PHI",3,5
"20140626","NYN","PIT",2,5
"20140626","CIN","SFN",3,1
"20140627","TBA","BAL",5,2
"20140627","TBA","BAL",1,4
"20140627","DET","HOU",3,4
"20140627","ANA","KCA",6,8
"20140627","BOS","NYA",0,6
"20140627","CLE","SEA",2,3
"20140627","MIN","TEX",4,5
"20140627","CHA","TOR",5,4
"20140627","WAS","CHN",2,7
"20140627","SLN","LAN",3,1
"20140627","OAK","MIA",9,5
"20140627","COL","MIL",2,3
"20140627","ATL","PHI",4,2
"20140627","NYN","PIT",2,3
"20140627","ARI","SDN",2,1
"20140627","CIN","SFN",6,2
"20140628","TBA","BAL",5,4
"20140628","DET","HOU",4,3
"20140628","ANA","KCA",6,2
"20140628","BOS","NYA",2,1
"20140628","CLE","SEA",5,0
"20140628","MIN","TEX",0,5
"20140628","CHA","TOR",4,3
"20140628","WAS","CHN",3,0
"20140628","WAS","CHN",7,2
"20140628","SLN","LAN",1,9
"20140628","OAK","MIA",7,6
"20140628","COL","MIL",4,7
"20140628","ATL","PHI",10,3
"20140628","ATL","PHI",5,1
"20140628","NYN","PIT",5,3
"20140628","ARI","SDN",3,1
"20140628","CIN","SFN",7,3
"20140629","TBA","BAL",12,7
"20140629","DET","HOU",4,6
"20140629","ANA","KCA",4,5
"20140629","BOS","NYA",8,5
"20140629","CLE","SEA",0,3
"20140629","MIN","TEX",3,2
"20140629","CHA","TOR",4,0
"20140629","SLN","LAN",0,6
"20140629","OAK","MIA",4,3
"20140629","COL","MIL",10,4
"20140629","ATL","PHI",3,2
"20140629","NYN","PIT",2,5
"20140629","ARI","SDN",1,2
"20140629","CIN","SFN",4,0
"20140630","TEX","BAL",1,7
"20140630","CHN","BOS",2,0
"20140630","OAK","DET",4,5
"20140630","SEA","HOU",10,4
"20140630","KCA","MIN",6,1
"20140630","TBA","NYA",4,3
"20140630","NYN","ATL",3,5
"20140630","CLE","LAN",0,1
"20140630","CIN","SDN",0,1
"20140630","COL","WAS",3,7
"20140701","TEX","BAL",3,8
"20140701","CHN","BOS",2,1
"20140701","ANA","CHA",8,4
"20140701","ANA","CHA",7,5
"20140701","OAK","DET",0,3
"20140701","SEA","HOU",13,2
"20140701","KCA","MIN",2,10
"20140701","TBA","NYA",2,1
"20140701","MIL","TOR",1,4
"20140701","NYN","ATL",4,5
"20140701","CLE","LAN",10,3
"20140701","PHI","MIA",4,5
"20140701","ARI","PIT",2,3
"20140701","CIN","SDN",2,8
"20140701","SLN","SFN",0,5
"20140701","COL","WAS",1,7
"20140702","TEX","BAL",4,6
"20140702","CHN","BOS",16,9
"20140702","ANA","CHA",2,3
"20140702","OAK","DET",3,9
"20140702","SEA","HOU",5,2
"20140702","KCA","MIN",4,0
"20140702","TBA","NYA",6,3
"20140702","MIL","TOR",4,7
"20140702","NYN","ATL",1,3
"20140702","CLE","LAN",5,4
"20140702","PHI","MIA",0,5
"20140702","ARI","PIT",1,5
"20140702","CIN","SDN",0,3
"20140702","SLN","SFN",2,0
"20140702","COL","WAS",3,4
"20140703","HOU","ANA",2,5
"20140703","TEX","BAL",2,5
"20140703","TBA","DET",1,8
"20140703","NYA","MIN",7,4
"20140703","TOR","OAK",1,4
"20140703","LAN","COL",3,2
"20140703","PHI","MIA",5,4
"20140703","ARI","PIT",10,2
"20140703","SLN","SFN",7,2
"20140704","HOU","ANA",6,7
"20140704","SEA","CHA",1,7
"20140704","KCA","CLE",7,1
"20140704","TBA","DET",6,3
"20140704","NYA","MIN",6,5
"20140704","TOR","OAK",0,1
"20140704","ARI","ATL",2,5
"20140704","MIL","CIN",2,4
"20140704","LAN","COL",9,0
"20140704","TEX","NYN",5,6
"20140704","PHI","PIT",2,8
"20140704","SFN","SDN",0,2
"20140704","MIA","SLN",2,3
"20140704","CHN","WAS",7,2
"20140705","HOU","ANA",5,11
"20140705","BAL","BOS",2,3
"20140705","BAL","BOS",7,4
"20140705","SEA","CHA",3,2
"20140705","KCA","CLE",3,7
"20140705","TBA","DET",7,2
"20140705","NYA","MIN",1,2
"20140705","TOR","OAK",1,5
"20140705","ARI","ATL",4,10
"20140705","MIL","CIN",1,0
"20140705","LAN","COL",7,8
"20140705","TEX","NYN",5,3
"20140705","PHI","PIT",2,3
"20140705","SFN","SDN",5,3
"20140705","MIA","SLN",6,5
"20140705","CHN","WAS",0,13
"20140706","HOU","ANA",1,6
"20140706","BAL","BOS",7,6
"20140706","SEA","CHA",0,1
"20140706","KCA","CLE",1,4
"20140706","TBA","DET",7,3
"20140706","NYA","MIN",9,7
"20140706","TOR","OAK",2,4
"20140706","ARI","ATL",3,1
"20140706","MIL","CIN",2,4
"20140706","LAN","COL",8,2
"20140706","TEX","NYN",4,8
"20140706","PHI","PIT",2,6
"20140706","SFN","SDN",5,3
"20140706","MIA","SLN",8,4
"20140706","CHN","WAS",1,2
"20140707","TOR","ANA",2,5
"20140707","CHA","BOS",4,0
"20140707","NYA","CLE",5,3
"20140707","SFN","OAK",0,5
"20140707","MIN","SEA",0,2
"20140707","KCA","TBA",6,0
"20140707","HOU","TEX",12,7
"20140707","MIA","ARI",1,9
"20140707","CHN","CIN",3,9
"20140707","SDN","COL",6,1
"20140707","PHI","MIL",3,2
"20140707","ATL","NYN",3,4
"20140707","PIT","SLN",0,2
"20140707","BAL","WAS",8,2
"20140708","TOR","ANA",4,0
"20140708","CHA","BOS",8,3
"20140708","NYA","CLE",3,5
"20140708","LAN","DET",5,14
"20140708","SFN","OAK",1,6
"20140708","MIN","SEA",2,0
"20140708","KCA","TBA",3,4
"20140708","HOU","TEX",8,3
"20140708","MIA","ARI",2,1
"20140708","CHN","CIN",2,4
"20140708","CHN","CIN",5,6
"20140708","SDN","COL",1,2
"20140708","PHI","MIL",9,7
"20140708","ATL","NYN",3,8
"20140708","PIT","SLN",4,5
"20140709","TOR","ANA",7,8
"20140709","WAS","BAL",6,2
"20140709","CHA","BOS",4,5
"20140709","NYA","CLE",5,4
"20140709","LAN","DET",1,4
"20140709","MIN","SEA",8,1
"20140709","KCA","TBA",5,4
"20140709","HOU","TEX",8,4
"20140709","MIA","ARI",3,4
"20140709","CHN","CIN",1,4
"20140709","SDN","COL",3,6
"20140709","PHI","MIL",4,1
"20140709","ATL","NYN",1,4
"20140709","OAK","SFN",2,5
"20140709","PIT","SLN",2,5
"20140710","WAS","BAL",3,4
"20140710","CHA","BOS",3,4
"20140710","NYA","CLE",3,9
"20140710","DET","KCA",16,4
"20140710","MIN","SEA",4,2
"20140710","ANA","TEX",15,6
"20140710","CHN","CIN",6,4
"20140710","SDN","LAN",1,2
"20140710","PHI","MIL",9,1
"20140710","ATL","NYN",3,1
"20140710","OAK","SFN",6,1
"20140710","PIT","SLN",9,1
"20140711","NYA","BAL",2,3
"20140711","CHA","CLE",4,7
"20140711","BOS","HOU",8,3
"20140711","DET","KCA",2,1
"20140711","OAK","SEA",2,3
"20140711","TOR","TBA",8,5
"20140711","ANA","TEX",3,0
"20140711","ATL","CHN",4,5
"20140711","PIT","CIN",5,6
"20140711","MIN","COL",2,6
"20140711","SDN","LAN",6,3
"20140711","SLN","MIL",7,6
"20140711","MIA","NYN",1,7
"20140711","WAS","PHI",2,6
"20140711","ARI","SFN",0,5
"20140712","NYA","BAL",3,0
"20140712","CHA","CLE",6,2
"20140712","BOS","HOU",2,3
"20140712","DET","KCA",5,1
"20140712","OAK","SEA",2,6
"20140712","TOR","TBA",3,10
"20140712","ANA","TEX",5,2
"20140712","ATL","CHN",11,6
"20140712","PIT","CIN",6,5
"20140712","MIN","COL",9,3
"20140712","SDN","LAN",0,1
"20140712","SLN","MIL",10,2
"20140712","MIA","NYN",4,5
"20140712","WAS","PHI",5,3
"20140712","ARI","SFN",2,0
"20140713","NYA","BAL",1,3
"20140713","CHA","CLE",2,3
"20140713","BOS","HOU",11,0
"20140713","DET","KCA",2,5
"20140713","OAK","SEA",4,1
"20140713","TOR","TBA",0,3
"20140713","ANA","TEX",10,7
"20140713","ATL","CHN",10,7
"20140713","PIT","CIN",3,6
"20140713","MIN","COL",13,5
"20140713","SDN","LAN",0,1
"20140713","SLN","MIL",2,11
"20140713","MIA","NYN",1,9
"20140713","WAS","PHI",10,3
"20140713","ARI","SFN",4,8
"20140718","SEA","ANA",2,3
"20140718","KCA","BOS",4,5
"20140718","HOU","CHA",2,3
"20140718","CLE","DET",9,3
"20140718","TBA","MIN",6,2
"20140718","CIN","NYA",3,4
"20140718","BAL","OAK",4,5
"20140718","TEX","TOR",5,1
"20140718","CHN","ARI",4,5
"20140718","PHI","ATL",4,6
"20140718","SFN","MIA",9,1
"20140718","COL","PIT",2,4
"20140718","NYN","SDN",5,4
"20140718","LAN","SLN",2,3
"20140718","MIL","WAS",4,2
"20140719","SEA","ANA",3,2
"20140719","KCA","BOS",1,2
"20140719","HOU","CHA",3,4
"20140719","CLE","DET",6,2
"20140719","CLE","DET",5,2
"20140719","TBA","MIN",5,1
"20140719","CIN","NYA",1,7
"20140719","BAL","OAK",8,4
"20140719","TEX","TOR",1,4
"20140719","CHN","ARI",3,9
"20140719","PHI","ATL",2,1
"20140719","SFN","MIA",5,3
"20140719","COL","PIT",2,3
"20140719","NYN","SDN",0,6
"20140719","LAN","SLN",2,4
"20140719","MIL","WAS",3,8
"20140720","SEA","ANA",5,6
"20140720","KCA","BOS",0,6
"20140720","HOU","CHA",11,7
"20140720","CLE","DET",1,5
"20140720","TBA","MIN",5,3
"20140720","CIN","NYA",2,3
"20140720","BAL","OAK",2,10
"20140720","TEX","TOR",6,9
"20140720","CHN","ARI",2,3
"20140720","PHI","ATL",2,8
"20140720","SFN","MIA",2,3
"20140720","COL","PIT",3,5
"20140720","NYN","SDN",1,2
"20140720","LAN","SLN",4,3
"20140720","MIL","WAS",4,5
"20140721","BAL","ANA",4,2
"20140721","KCA","CHA",1,3
"20140721","CLE","MIN",3,4
"20140721","TEX","NYA",4,2
"20140721","NYN","SEA",2,5
"20140721","BOS","TOR",14,1
"20140721","DET","ARI",4,3
"20140721","MIA","ATL",3,1
"20140721","WAS","COL",7,2
"20140721","CIN","MIL",2,5
"20140721","SFN","PHI",7,4
"20140721","LAN","PIT",5,2
"20140722","BAL","ANA",4,2
"20140722","KCA","CHA",7,1
"20140722","CLE","MIN",8,2
"20140722","TEX","NYA",1,2
"20140722","HOU","OAK",3,2
"20140722","NYN","SEA",3,1
"20140722","BOS","TOR",3,7
"20140722","DET","ARI",4,5
"20140722","MIA","ATL",6,5
"20140722","SDN","CHN",0,6
"20140722","WAS","COL",7,4
"20140722","CIN","MIL",3,4
"20140722","SFN","PHI",9,6
"20140722","LAN","PIT",7,12
"20140722","TBA","SLN",7,2
"20140723","BAL","ANA",2,3
"20140723","KCA","CHA",2,1
"20140723","CLE","MIN",1,3
"20140723","TEX","NYA",1,2
"20140723","HOU","OAK",7,9
"20140723","NYN","SEA",3,2
"20140723","BOS","TOR",4,6
"20140723","DET","ARI",11,5
"20140723","MIA","ATL",1,6
"20140723","SDN","CHN",8,3
"20140723","WAS","COL",4,6
"20140723","CIN","MIL",1,5
"20140723","SFN","PHI",3,1
"20140723","LAN","PIT",1,6
"20140723","TBA","SLN",3,0
"20140724","DET","ANA",6,4
"20140724","CLE","KCA",1,2
"20140724","CHA","MIN",5,2
"20140724","TEX","NYA",2,4
"20140724","HOU","OAK",1,13
"20140724","BAL","SEA",4,0
"20140724","BOS","TOR",0,8
"20140724","MIA","ATL",3,2
"20140724","SDN","CHN",13,3
"20140724","NYN","MIL",1,9
"20140724","SFN","PHI",1,2
"20140725","DET","ANA",1,2
"20140725","MIA","HOU",2,0
"20140725","CLE","KCA",4,6
"20140725","CHA","MIN",9,5
"20140725","TOR","NYA",4,6
"20140725","BAL","SEA",2,1
"20140725","BOS","TBA",4,6
"20140725","OAK","TEX",1,4
"20140725","SDN","ATL",5,2
"20140725","SLN","CHN",6,7
"20140725","WAS","CIN",4,1
"20140725","PIT","COL",1,8
"20140725","NYN","MIL",3,2
"20140725","ARI","PHI",5,9
"20140725","LAN","SFN",8,1
"20140726","DET","ANA",0,4
"20140726","MIA","HOU",7,3
"20140726","CLE","KCA",5,7
"20140726","CHA","MIN",7,0
"20140726","TOR","NYA",6,4
"20140726","BAL","SEA",3,4
"20140726","BOS","TBA",0,3
"20140726","OAK","TEX",5,1
"20140726","SDN","ATL",3,5
"20140726","SLN","CHN",6,3
"20140726","WAS","CIN",0,1
"20140726","PIT","COL",1,8
"20140726","NYN","MIL",2,5
"20140726","ARI","PHI",10,6
"20140726","LAN","SFN",5,0
"20140727","DET","ANA",1,2
"20140727","MIA","HOU",4,2
"20140727","CLE","KCA",10,3
"20140727","CHA","MIN",3,4
"20140727","TOR","NYA",5,4
"20140727","BAL","SEA",3,2
"20140727","BOS","TBA",3,2
"20140727","OAK","TEX",9,3
"20140727","SDN","ATL",3,8
"20140727","SLN","CHN",1,0
"20140727","WAS","CIN",4,2
"20140727","PIT","COL",7,5
"20140727","NYN","MIL",2,0
"20140727","ARI","PHI",2,4
"20140727","LAN","SFN",4,3
"20140728","TOR","BOS",14,1
"20140728","OAK","HOU",3,7
"20140728","MIL","TBA",1,2
"20140728","NYA","TEX",2,4
"20140728","SDN","ATL",0,2
"20140728","COL","CHN",1,4
"20140728","ARI","CIN",2,1
"20140728","WAS","MIA",6,7
"20140728","PHI","NYN",1,7
"20140728","PIT","SFN",5,0
"20140729","ANA","BAL",6,7
"20140729","TOR","BOS",4,2
"20140729","SEA","CLE",5,2
"20140729","CHA","DET",11,4
"20140729","OAK","HOU",7,4
"20140729","MIN","KCA",2,1
"20140729","MIL","TBA",1,5
"20140729","NYA","TEX",12,11
"20140729","COL","CHN",3,4
"20140729","ARI","CIN",0,3
"20140729","ATL","LAN",4,8
"20140729","WAS","MIA",0,3
"20140729","PHI","NYN",6,0
"20140729","SLN","SDN",1,3
"20140729","PIT","SFN",3,1
"20140730","ANA","BAL",3,4
"20140730","TOR","BOS",6,1
"20140730","SEA","CLE",0,2
"20140730","CHA","DET",2,7
"20140730","OAK","HOU",1,8
"20140730","MIN","KCA",2,3
"20140730","MIL","TBA",5,0
"20140730","NYA","TEX",2,3
"20140730","COL","CHN",6,4
"20140730","ARI","CIN",5,4
"20140730","ATL","LAN",2,3
"20140730","WAS","MIA",4,3
"20140730","PHI","NYN",2,11
"20140730","SLN","SDN",1,12
"20140730","PIT","SFN",5,7
"20140731","ANA","BAL",1,0
"20140731","SEA","CLE",6,5
"20140731","CHA","DET",7,4
"20140731","TOR","HOU",6,5
"20140731","MIN","KCA",3,6
"20140731","PIT","ARI",4,7
"20140731","COL","CHN",1,3
"20140731","ATL","LAN",1,2
"20140731","CIN","MIA",3,1
"20140731","SLN","SDN",6,2
"20140731","PHI","WAS",10,4
"20140801","SEA","BAL",1,2
"20140801","NYA","BOS",3,4
"20140801","MIN","CHA",8,10
"20140801","TEX","CLE",2,12
"20140801","COL","DET",2,4
"20140801","TOR","HOU",1,3
"20140801","KCA","OAK",1,0
"20140801","ANA","TBA",5,3
"20140801","PIT","ARI",9,4
"20140801","CHN","LAN",8,2
"20140801","CIN","MIA",5,2
"20140801","SFN","NYN",5,1
"20140801","ATL","SDN",1,10
"20140801","MIL","SLN",7,4
"20140801","PHI","WAS",2,1
"20140802","SEA","BAL",6,3
"20140802","NYA","BOS",6,4
"20140802","MIN","CHA",8,6
"20140802","TEX","CLE",0,2
"20140802","COL","DET",5,11
"20140802","TOR","HOU",2,8
"20140802","KCA","OAK",3,8
"20140802","ANA","TBA",3,10
"20140802","PIT","ARI",8,3
"20140802","CHN","LAN",2,5
"20140802","CIN","MIA",1,2
"20140802","SFN","NYN",2,4
"20140802","ATL","SDN",2,3
"20140802","MIL","SLN",7,9
"20140802","PHI","WAS",0,11
"20140803","SEA","BAL",0,1
"20140803","NYA","BOS",8,7
"20140803","MIN","CHA",16,3
"20140803","TEX","CLE",3,4
"20140803","COL","DET",0,4
"20140803","TOR","HOU",1,6
"20140803","KCA","OAK",4,2
"20140803","ANA","TBA",7,5
"20140803","PIT","ARI",2,3
"20140803","CHN","LAN",7,3
"20140803","CIN","MIA",7,3
"20140803","SFN","NYN",9,0
"20140803","ATL","SDN",3,4
"20140803","MIL","SLN",2,3
"20140803","PHI","WAS",0,4
"20140804","TEX","CHA",3,5
"20140804","CIN","CLE",1,7
"20140804","DET","NYA",1,2
"20140804","TBA","OAK",2,3
"20140804","ANA","LAN",5,0
"20140804","SFN","NYN",4,3
"20140804","BAL","WAS",7,3
"20140805","TEX","CHA",16,0
"20140805","CIN","CLE",9,2
"20140805","SDN","MIN",1,3
"20140805","DET","NYA",4,3
"20140805","TBA","OAK",0,3
"20140805","ATL","SEA",2,4
"20140805","BAL","TOR",9,3
"20140805","KCA","ARI",12,2
"20140805","CHN","COL",6,5
"20140805","ANA","LAN",4,5
"20140805","SFN","MIL",3,4
"20140805","HOU","PHI",1,2
"20140805","MIA","PIT",6,3
"20140805","BOS","SLN",2,3
"20140805","NYN","WAS",6,1
"20140806","LAN","ANA",2,1
"20140806","TEX","CHA",3,1
"20140806","SDN","MIN",5,4
"20140806","DET","NYA",1,5
"20140806","TBA","OAK",7,3
"20140806","ATL","SEA",3,7
"20140806","BAL","TOR",1,5
"20140806","KCA","ARI",4,3
"20140806","CLE","CIN",3,8
"20140806","CHN","COL",4,13
"20140806","SFN","MIL",7,4
"20140806","HOU","PHI",3,10
"20140806","MIA","PIT",3,7
"20140806","BOS","SLN",2,1
"20140806","NYN","WAS",1,7
"20140807","LAN","ANA",7,0
"20140807","DET","NYA",0,1
"20140807","MIN","OAK",0,3
"20140807","CHA","SEA",3,13
"20140807","BAL","TOR",2,1
"20140807","KCA","ARI",6,2
"20140807","CLE","CIN",0,4
"20140807","CHN","COL",6,2
"20140807","SFN","MIL",1,3
"20140807","HOU","PHI",5,6
"20140807","MIA","PIT",2,7
"20140807","BOS","SLN",2,5
"20140807","NYN","WAS",3,5
"20140808","BOS","ANA",4,2
"20140808","SLN","BAL",2,12
"20140808","TEX","HOU",3,4
"20140808","SFN","KCA",2,4
"20140808","CLE","NYA",6,10
"20140808","MIN","OAK",5,6
"20140808","CHA","SEA",1,4
"20140808","DET","TOR",5,4
"20140808","COL","ARI",3,5
"20140808","WAS","ATL",6,7
"20140808","TBA","CHN",4,3
"20140808","MIA","CIN",2,1
"20140808","LAN","MIL",3,9
"20140808","NYN","PHI",5,4
"20140808","SDN","PIT",1,2
"20140809","BOS","ANA",4,5
"20140809","SLN","BAL",3,10
"20140809","TEX","HOU",3,8
"20140809","SFN","KCA",0,5
"20140809","CLE","NYA",3,0
"20140809","MIN","OAK",4,9
"20140809","CHA","SEA",2,1
"20140809","DET","TOR",2,3
"20140809","COL","ARI",4,14
"20140809","WAS","ATL",4,1
"20140809","TBA","CHN",4,0
"20140809","MIA","CIN",4,3
"20140809","LAN","MIL",1,4
"20140809","NYN","PHI",2,1
"20140809","SDN","PIT",2,1
"20140810","BOS","ANA",3,1
"20140810","SLN","BAL",8,3
"20140810","TEX","HOU",6,2
"20140810","SFN","KCA",4,7
"20140810","CLE","NYA",4,1
"20140810","MIN","OAK",6,1
"20140810","CHA","SEA",2,4
"20140810","DET","TOR",5,6
"20140810","COL","ARI",5,3
"20140810","WAS","ATL",1,3
"20140810","TBA","CHN",2,3
"20140810","MIA","CIN",2,7
"20140810","LAN","MIL",5,1
"20140810","NYN","PHI",6,7
"20140810","SDN","PIT",8,2
"20140811","NYA","BAL",3,11
"20140811","MIN","HOU",4,2
"20140811","OAK","KCA",2,3
"20140811","TOR","SEA",1,11
"20140811","TBA","TEX",7,0
"20140811","LAN","ATL",6,2
"20140811","MIL","CHN",3,1
"20140811","SLN","MIA",5,6
"20140811","NYN","PHI",5,3
"20140811","DET","PIT",6,11
"20140811","COL","SDN",3,4
"20140812","PHI","ANA",2,7
"20140812","MIN","HOU",4,10
"20140812","OAK","KCA",11,3
"20140812","TOR","SEA",3,6
"20140812","TBA","TEX",2,3
"20140812","LAN","ATL",4,2
"20140812","MIL","CHN",0,3
"20140812","BOS","CIN",3,2
"20140812","SLN","MIA",0,3
"20140812","WAS","NYN",7,1
"20140812","DET","PIT",2,4
"20140812","COL","SDN",1,4
"20140812","CHA","SFN",3,2
"20140813","PHI","ANA",3,4
"20140813","NYA","BAL",3,5
"20140813","ARI","CLE",2,3
"20140813","ARI","CLE",1,0
"20140813","PIT","DET",4,8
"20140813","MIN","HOU",3,1
"20140813","OAK","KCA",0,3
"20140813","TOR","SEA",0,2
"20140813","TBA","TEX",10,1
"20140813","LAN","ATL",2,3
"20140813","MIL","CHN",2,4
"20140813","BOS","CIN",5,4
"20140813","SLN","MIA",5,2
"20140813","WAS","NYN",3,2
"20140813","COL","SDN",3,5
"20140813","CHA","SFN",1,7
"20140814","HOU","BOS",4,9
"20140814","PIT","DET",2,5
"20140814","OAK","KCA",3,7
"20140814","TBA","TEX",6,3
"20140814","LAN","ATL",6,4
"20140814","MIL","CHN",6,2
"20140814","CIN","COL",3,7
"20140814","ARI","MIA",4,5
"20140814","WAS","NYN",4,1
"20140814","SDN","SLN",3,4
"20140815","HOU","BOS",5,3
"20140815","TOR","CHA",5,11
"20140815","BAL","CLE",1,2
"20140815","SEA","DET",7,2
"20140815","KCA","MIN",6,5
"20140815","NYA","TBA",0,5
"20140815","ANA","TEX",5,4
"20140815","OAK","ATL",2,7
"20140815","CIN","COL",3,2
"20140815","MIL","LAN",6,3
"20140815","ARI","MIA",3,2
"20140815","CHN","NYN",2,3
"20140815","PHI","SFN",5,3
"20140815","SDN","SLN",2,4
"20140815","PIT","WAS",4,5
"20140816","HOU","BOS",7,10
"20140816","TOR","CHA",6,3
"20140816","BAL","CLE",0,6
"20140816","SEA","DET",2,4
"20140816","KCA","MIN",1,4
"20140816","NYA","TBA",3,2
"20140816","ANA","TEX",5,4
"20140816","OAK","ATL",3,4
"20140816","MIL","LAN",3,2
"20140816","ARI","MIA",1,2
"20140816","CHN","NYN",3,7
"20140816","PHI","SFN",5,6
"20140816","SDN","SLN",9,5
"20140816","PIT","WAS",3,4
"20140817","HOU","BOS",8,1
"20140817","TOR","CHA",5,7
"20140817","BAL","CLE",4,1
"20140817","SEA","DET",8,1
"20140817","KCA","MIN",12,6
"20140817","NYA","TBA",4,2
"20140817","ANA","TEX",2,3
"20140817","OAK","ATL",3,4
"20140817","CIN","COL",9,10
"20140817","CIN","COL",5,10
"20140817","MIL","LAN",7,2
"20140817","ARI","MIA",3,10
"20140817","CHN","NYN",2,1
"20140817","PHI","SFN",2,5
"20140817","SDN","SLN",6,7
"20140817","PIT","WAS",5,6
"20140818","ANA","BOS",4,2
"20140818","BAL","CHA",8,2
"20140818","KCA","MIN",6,4
"20140818","CHN","NYN",4,1
"20140818","SEA","PHI",1,4
"20140818","ATL","PIT",7,3
"20140818","CIN","SLN",5,6
"20140818","ARI","WAS",4,5
"20140819","ANA","BOS",4,3
"20140819","BAL","CHA",5,1
"20140819","CLE","MIN",7,5
"20140819","HOU","NYA",7,4
"20140819","NYN","OAK",2,6
"20140819","DET","TBA",8,6
"20140819","SFN","CHN",1,2
"20140819","KCA","COL",7,4
"20140819","SDN","LAN",6,8
"20140819","TEX","MIA",3,4
"20140819","TOR","MIL",1,6
"20140819","SEA","PHI",5,2
"20140819","ATL","PIT",11,3
"20140819","CIN","SLN",4,5
"20140819","ARI","WAS",1,8
"20140820","ANA","BOS",8,3
"20140820","BAL","CHA",4,3
"20140820","CLE","MIN",5,0
"20140820","HOU","NYA",5,2
"20140820","NYN","OAK",8,5
"20140820","DET","TBA",6,0
"20140820","SFN","CHN",8,3
"20140820","KCA","COL",2,5
"20140820","SDN","LAN",4,1
"20140820","TEX","MIA",5,4
"20140820","TOR","MIL",9,5
"20140820","SEA","PHI",3,4
"20140820","ATL","PIT",2,3
"20140820","CIN","SLN",3,7
"20140820","ARI","WAS",2,3
"20140821","ANA","BOS",2,0
"20140821","CLE","MIN",1,4
"20140821","HOU","NYA",0,3
"20140821","DET","TBA",0,1
"20140821","SFN","CHN",5,3
"20140821","ATL","CIN",8,0
"20140821","SDN","LAN",1,2
"20140821","ARI","WAS",0,1
"20140822","SEA","BOS",5,3
"20140822","HOU","CLE",5,1
"20140822","DET","MIN",6,20
"20140822","CHA","NYA",3,4
"20140822","ANA","OAK",3,5
"20140822","KCA","TEX",6,3
"20140822","TBA","TOR",8,0
"20140822","SDN","ARI",1,5
"20140822","BAL","CHN",1,4
"20140822","ATL","CIN",3,1
"20140822","MIA","COL",13,5
"20140822","NYN","LAN",2,6
"20140822","PIT","MIL",8,3
"20140822","SLN","PHI",4,5
"20140822","SFN","WAS",10,3
"20140823","SEA","BOS",7,3
"20140823","HOU","CLE",2,3
"20140823","DET","MIN",4,12
"20140823","DET","MIN",8,6
"20140823","CHA","NYA",3,5
"20140823","ANA","OAK",1,2
"20140823","KCA","TEX",6,3
"20140823","TBA","TOR",4,5
"20140823","SDN","ARI",2,5
"20140823","BAL","CHN",2,7
"20140823","ATL","CIN",0,1
"20140823","MIA","COL",4,5
"20140823","NYN","LAN",4,7
"20140823","PIT","MIL",10,2
"20140823","SLN","PHI",6,5
"20140823","SFN","WAS",2,6
"20140824","SEA","BOS",8,6
"20140824","HOU","CLE",1,3
"20140824","DET","MIN",13,4
"20140824","CHA","NYA",4,7
"20140824","ANA","OAK",9,4
"20140824","KCA","TEX",1,3
"20140824","TBA","TOR",2,1
"20140824","SDN","ARI",7,4
"20140824","BAL","CHN",1,2
"20140824","ATL","CIN",3,5
"20140824","MIA","COL",4,7
"20140824","NYN","LAN",11,3
"20140824","PIT","MIL",3,4
"20140824","SLN","PHI",1,7
"20140824","SFN","WAS",6,14
"20140825","MIA","ANA",7,1
"20140825","TBA","BAL",1,9
"20140825","OAK","HOU",8,2
"20140825","NYA","KCA",8,1
"20140825","TEX","SEA",2,0
"20140825","BOS","TOR",4,3
"20140825","WAS","PHI",2,3
"20140825","SLN","PIT",3,2
"20140825","MIL","SDN",10,1
"20140825","COL","SFN",3,2
"20140826","MIA","ANA",2,8
"20140826","TBA","BAL",2,4
"20140826","CLE","CHA",8,6
"20140826","NYA","DET",2,5
"20140826","OAK","HOU",2,4
"20140826","MIN","KCA",1,2
"20140826","TEX","SEA",0,5
"20140826","BOS","TOR",11,7
"20140826","LAN","ARI",9,5
"20140826","CHN","CIN",3,0
"20140826","ATL","NYN",2,3
"20140826","WAS","PHI",3,4
"20140826","SLN","PIT",2,5
"20140826","MIL","SDN",1,4
"20140826","COL","SFN",0,3
"20140827","MIA","ANA",1,6
"20140827","TBA","BAL",3,1
"20140827","CLE","CHA",2,3
"20140827","NYA","DET",8,4
"20140827","OAK","HOU",5,4
"20140827","MIN","KCA",1,6
"20140827","TEX","SEA",12,4
"20140827","BOS","TOR",2,5
"20140827","LAN","ARI",3,1
"20140827","CHN","CIN",5,7
"20140827","ATL","NYN",3,2
"20140827","WAS","PHI",4,8
"20140827","SLN","PIT",1,3
"20140827","MIL","SDN",2,3
"20140827","COL","SFN",2,4
"20140828","OAK","ANA",3,4
"20140828","TBA","BAL",4,5
"20140828","CLE","CHA",3,2
"20140828","NYA","DET",2,3
"20140828","TEX","HOU",2,4
"20140828","MIN","KCA",11,5
"20140828","CHN","CIN",2,7
"20140828","ATL","NYN",6,1
"20140828","COL","SFN",1,4
"20140829","OAK","ANA",0,4
"20140829","MIN","BAL",1,9
"20140829","DET","CHA",7,1
"20140829","TEX","HOU",13,6
"20140829","CLE","KCA",6,1
"20140829","WAS","SEA",8,3
"20140829","BOS","TBA",8,4
"20140829","NYA","TOR",6,3
"20140829","COL","ARI",2,5
"20140829","MIA","ATL",2,5
"20140829","PHI","NYN",1,4
"20140829","CIN","PIT",1,2
"20140829","LAN","SDN",2,3
"20140829","MIL","SFN",2,13
"20140829","CHN","SLN",7,2
"20140830","OAK","ANA",0,2
"20140830","MIN","BAL",2,3
"20140830","DET","CHA",3,6
"20140830","DET","CHA",8,4
"20140830","TEX","HOU",0,2
"20140830","CLE","KCA",3,2
"20140830","WAS","SEA",3,1
"20140830","BOS","TBA",0,7
"20140830","NYA","TOR",0,2
"20140830","COL","ARI",2,0
"20140830","MIA","ATL",4,0
"20140830","PHI","NYN",7,2
"20140830","CIN","PIT",2,3
"20140830","LAN","SDN",1,2
"20140830","MIL","SFN",1,3
"20140830","CHN","SLN",5,1
"20140830","CHN","SLN",2,13
"20140831","OAK","ANA",1,8
"20140831","MIN","BAL",8,12
"20140831","DET","CHA",2,6
"20140831","TEX","HOU",2,3
"20140831","CLE","KCA",4,3
"20140831","WAS","SEA",3,5
"20140831","BOS","TBA",3,0
"20140831","NYA","TOR",3,4
"20140831","COL","ARI",2,6
"20140831","MIA","ATL",0,1
"20140831","PHI","NYN",5,6
"20140831","CIN","PIT",3,2
"20140831","LAN","SDN",7,1
"20140831","MIL","SFN",5,15
"20140831","CHN","SLN",6,9
"20140901","MIN","BAL",6,4
"20140901","DET","CLE",12,1
"20140901","TEX","KCA",3,4
"20140901","SEA","OAK",1,6
"20140901","BOS","TBA",3,4
"20140901","PHI","ATL",7,0
"20140901","MIL","CHN",2,4
"20140901","SFN","COL",9,10
"20140901","WAS","LAN",6,4
"20140901","NYN","MIA",6,9
"20140901","ARI","SDN",1,3
"20140901","PIT","SLN",4,5
"20140902","CIN","BAL",4,5
"20140902","DET","CLE",4,2
"20140902","ANA","HOU",3,8
"20140902","TEX","KCA",1,2
"20140902","CHA","MIN",6,3
"20140902","BOS","NYA",9,4
"20140902","SEA","OAK",6,5
"20140902","TOR","TBA",8,2
"20140902","PHI","ATL",4,0
"20140902","MIL","CHN",1,7
"20140902","SFN","COL",12,7
"20140902","WAS","LAN",1,4
"20140902","NYN","MIA",8,6
"20140902","ARI","SDN",1,2
"20140902","PIT","SLN",4,6
"20140903","CIN","BAL",0,6
"20140903","DET","CLE",0,7
"20140903","ANA","HOU",1,4
"20140903","TEX","KCA",1,4
"20140903","CHA","MIN",4,11
"20140903","BOS","NYA",1,5
"20140903","SEA","OAK",2,1
"20140903","TOR","TBA",7,4
"20140903","PHI","ATL",4,7
"20140903","MIL","CHN",2,6
"20140903","SFN","COL",2,9
"20140903","WAS","LAN",8,5
"20140903","NYN","MIA",4,3
"20140903","ARI","SDN",6,1
"20140903","PIT","SLN",0,1
"20140904","CIN","BAL",7,9
"20140904","DET","CLE",11,4
"20140904","ANA","MIN",5,4
"20140904","BOS","NYA",4,5
"20140904","TOR","TBA",1,0
"20140904","SEA","TEX",10,2
"20140904","SLN","MIL",3,2
"20140904","ARI","SDN",5,1
"20140905","TOR","BOS",8,9
"20140905","CHA","CLE",1,2
"20140905","SFN","DET",8,2
"20140905","ANA","MIN",7,6
"20140905","KCA","NYA",1,0
"20140905","HOU","OAK",4,3
"20140905","BAL","TBA",0,3
"20140905","SEA","TEX",7,5
"20140905","PIT","CHN",5,3
"20140905","NYN","CIN",14,5
"20140905","SDN","COL",0,3
"20140905","ARI","LAN",1,2
"20140905","ATL","MIA",3,11
"20140905","SLN","MIL",2,6
"20140905","PHI","WAS",9,8
"20140906","TOR","BOS",3,4
"20140906","CHA","CLE",1,3
"20140906","SFN","DET",5,4
"20140906","ANA","MIN",8,5
"20140906","KCA","NYA",2,6
"20140906","HOU","OAK",3,4
"20140906","BAL","TBA",2,3
"20140906","SEA","TEX",4,2
"20140906","PIT","CHN",5,0
"20140906","NYN","CIN",1,2
"20140906","SDN","COL",6,7
"20140906","ARI","LAN",2,5
"20140906","ATL","MIA",4,3
"20140906","SLN","MIL",5,3
"20140906","PHI","WAS",3,1
"20140907","TOR","BOS",3,1
"20140907","CHA","CLE",0,2
"20140907","SFN","DET",1,6
"20140907","ANA","MIN",14,4
"20140907","KCA","NYA",2,0
"20140907","HOU","OAK",4,3
"20140907","BAL","TBA",7,5
"20140907","SEA","TEX",0,1
"20140907","PIT","CHN",10,4
"20140907","NYN","CIN",4,3
"20140907","SDN","COL",0,6
"20140907","ARI","LAN",2,7
"20140907","ATL","MIA",0,4
"20140907","SLN","MIL",9,1
"20140907","PHI","WAS",2,3
"20140908","BAL","BOS",4,0
"20140908","OAK","CHA",4,5
"20140908","ANA","CLE",12,3
"20140908","KCA","DET",5,9
"20140908","HOU","SEA",1,4
"20140908","CHN","TOR",0,8
"20140908","SLN","CIN",5,0
"20140908","SDN","LAN",4,9
"20140908","MIA","MIL",6,4
"20140908","COL","NYN",2,3
"20140908","PIT","PHI",6,4
"20140908","ATL","WAS",1,2
"20140909","BAL","BOS",4,1
"20140909","OAK","CHA",11,2
"20140909","MIN","CLE",4,3
"20140909","KCA","DET",2,4
"20140909","TBA","NYA",4,3
"20140909","HOU","SEA",2,1
"20140909","ANA","TEX",9,3
"20140909","CHN","TOR",2,9
"20140909","SLN","CIN",5,9
"20140909","SDN","LAN",6,3
"20140909","MIA","MIL",6,3
"20140909","COL","NYN",0,2
"20140909","PIT","PHI",3,4
"20140909","ARI","SFN",1,5
"20140909","ATL","WAS",4,6
"20140910","BAL","BOS",10,6
"20140910","OAK","CHA",1,2
"20140910","KCA","DET",3,0
"20140910","TBA","NYA",5,8
"20140910","HOU","SEA",5,2
"20140910","ANA","TEX",8,1
"20140910","CHN","TOR",1,11
"20140910","SLN","CIN",2,4
"20140910","SDN","LAN",0,4
"20140910","MIA","MIL",1,4
"20140910","COL","NYN",0,2
"20140910","PIT","PHI",6,3
"20140910","ARI","SFN",0,5
"20140910","ATL","WAS",6,2
"20140911","OAK","CHA",0,1
"20140911","MIN","CLE",2,8
"20140911","MIN","CLE",0,2
"20140911","BOS","KCA",6,3
"20140911","TBA","NYA",4,5
"20140911","ANA","TEX",7,3
"20140911","SLN","CIN",0,1
"20140911","MIA","MIL",2,4
"20140911","WAS","NYN",6,2
"20140911","PIT","PHI",4,1
"20140911","ARI","SFN",2,6
"20140912","HOU","ANA",3,11
"20140912","NYA","BAL",1,2
"20140912","NYA","BAL",0,5
"20140912","CLE","DET",2,7
"20140912","BOS","KCA",4,2
"20140912","OAK","SEA",2,4
"20140912","ATL","TEX",1,2
"20140912","TBA","TOR",1,0
"20140912","SDN","ARI",6,5
"20140912","CIN","MIL",2,3
"20140912","WAS","NYN",3,4
"20140912","MIA","PHI",1,3
"20140912","CHN","PIT",3,7
"20140912","LAN","SFN",0,9
"20140912","COL","SLN",1,5
"20140913","HOU","ANA",2,5
"20140913","NYA","BAL",3,2
"20140913","MIN","CHA",1,5
"20140913","MIN","CHA",6,7
"20140913","CLE","DET",4,5
"20140913","BOS","KCA",1,7
"20140913","OAK","SEA",3,2
"20140913","ATL","TEX",2,3
"20140913","TBA","TOR",3,6
"20140913","SDN","ARI",4,10
"20140913","CIN","MIL",5,1
"20140913","WAS","NYN",10,3
"20140913","MIA","PHI",1,2
"20140913","CHN","PIT",6,4
"20140913","LAN","SFN",17,0
"20140913","COL","SLN",4,5
"20140914","HOU","ANA",6,1
"20140914","NYA","BAL",2,3
"20140914","MIN","CHA",6,4
"20140914","CLE","DET",4,6
"20140914","BOS","KCA",8,4
"20140914","OAK","SEA",4,0
"20140914","ATL","TEX",3,10
"20140914","TBA","TOR",6,5
"20140914","SDN","ARI",6,8
"20140914","CIN","MIL",2,9
"20140914","WAS","NYN",3,0
"20140914","MIA","PHI",5,4
"20140914","CHN","PIT",3,7
"20140914","LAN","SFN",4,2
"20140914","COL","SLN",1,4
"20140915","SEA","ANA",1,8
"20140915","TOR","BAL",2,5
"20140915","CLE","HOU",1,3
"20140915","CHA","KCA",3,4
"20140915","DET","MIN",8,6
"20140915","NYA","TBA",0,1
"20140915","SFN","ARI",2,6
"20140915","WAS","ATL",4,2
"20140915","CIN","CHN",0,1
"20140915","LAN","COL",11,3
"20140915","MIA","NYN",6,5
"20140915","PHI","SDN",0,1
"20140916","SEA","ANA",13,2
"20140916","TOR","BAL",2,8
"20140916","CLE","HOU",4,2
"20140916","CHA","KCA",7,5
"20140916","DET","MIN",3,4
"20140916","TEX","OAK",6,3
"20140916","NYA","TBA",1,6
"20140916","SFN","ARI",2,1
"20140916","WAS","ATL",3,0
"20140916","CIN","CHN",0,7
"20140916","LAN","COL",4,10
"20140916","MIA","NYN",1,9
"20140916","BOS","PIT",0,4
"20140916","PHI","SDN",4,5
"20140916","MIL","SLN",3,2
"20140917","SEA","ANA",0,5
"20140917","TOR","BAL",1,6
"20140917","CLE","HOU",2,0
"20140917","CHA","KCA",2,6
"20140917","DET","MIN",4,8
"20140917","TEX","OAK",6,1
"20140917","NYA","TBA",3,2
"20140917","SFN","ARI",4,2
"20140917","WAS","ATL",1,3
"20140917","CIN","CHN",1,3
"20140917","LAN","COL",2,16
"20140917","MIA","NYN",4,3
"20140917","BOS","PIT",1,9
"20140917","PHI","SDN",5,2
"20140917","MIL","SLN",0,2
"20140918","SEA","ANA",3,1
"20140918","CLE","HOU",2,1
"20140918","TOR","NYA",2,3
"20140918","TEX","OAK",7,2
"20140918","LAN","CHN",8,4
"20140918","ARI","COL",6,7
"20140918","WAS","MIA",6,2
"20140918","BOS","PIT",2,3
"20140918","PHI","SDN",3,7
"20140918","MIL","SLN",2,3
"20140919","TEX","ANA",12,3
"20140919","BOS","BAL",5,3
"20140919","SEA","HOU",10,5
"20140919","DET","KCA",10,1
"20140919","CLE","MIN",4,5
"20140919","TOR","NYA",3,5
"20140919","PHI","OAK",1,3
"20140919","CHA","TBA",4,3
"20140919","NYN","ATL",5,0
"20140919","LAN","CHN",14,5
"20140919","ARI","COL",3,15
"20140919","WAS","MIA",3,2
"20140919","MIL","PIT",2,4
"20140919","SFN","SDN",0,5
"20140919","CIN","SLN",1,2
"20140920","TEX","ANA",5,8
"20140920","BOS","BAL",2,7
"20140920","SEA","HOU",1,10
"20140920","DET","KCA",3,2
"20140920","CLE","MIN",7,3
"20140920","TOR","NYA",6,3
"20140920","PHI","OAK",3,0
"20140920","CHA","TBA",1,3
"20140920","NYN","ATL",4,2
"20140920","LAN","CHN",7,8
"20140920","ARI","COL",1,5
"20140920","WAS","MIA",3,2
"20140920","MIL","PIT",1,0
"20140920","SFN","SDN",2,3
"20140920","CIN","SLN",4,8
"20140921","TEX","ANA",2,1
"20140921","BOS","BAL",3,2
"20140921","SEA","HOU",3,8
"20140921","DET","KCA",2,5
"20140921","CLE","MIN",7,2
"20140921","TOR","NYA",2,5
"20140921","PHI","OAK",6,8
"20140921","CHA","TBA",10,5
"20140921","NYN","ATL",10,2
"20140921","LAN","CHN",8,5
"20140921","ARI","COL",3,8
"20140921","WAS","MIA",2,1
"20140921","MIL","PIT",0,1
"20140921","SFN","SDN",2,8
"20140921","CIN","SLN",7,2
"20140922","KCA","CLE",2,0
"20140922","CHA","DET",2,0
"20140922","ARI","MIN",6,2
"20140922","BAL","NYA",0,5
"20140922","ANA","OAK",4,8
"20140922","HOU","TEX",3,4
"20140922","SEA","TOR",4,14
"20140922","PIT","ATL",1,0
"20140922","SLN","CHN",8,0
"20140922","SFN","LAN",5,2
"20140922","COL","SDN",0,1
"20140923","TBA","BOS",6,2
"20140923","KCA","CLE",7,1
"20140923","CHA","DET",3,4
"20140923","ARI","MIN",3,6
"20140923","BAL","NYA",5,4
"20140923","ANA","OAK",2,0
"20140923","HOU","TEX",1,2
"20140923","SEA","TOR",2,10
"20140923","PIT","ATL",3,2
"20140923","SLN","CHN",3,4
"20140923","MIL","CIN",1,3
"20140923","SFN","LAN",2,4
"20140923","PHI","MIA",0,2
"20140923","COL","SDN",3,2
"20140923","NYN","WAS",2,4
"20140924","TBA","BOS",3,11
"20140924","KCA","CLE",4,6
"20140924","CHA","DET",1,6
"20140924","ARI","MIN",1,2
"20140924","BAL","NYA",9,5
"20140924","ANA","OAK",5,4
"20140924","HOU","TEX",1,5
"20140924","SEA","TOR",0,1
"20140924","PIT","ATL",2,6
"20140924","SLN","CHN",1,3
"20140924","MIL","CIN",5,0
"20140924","SFN","LAN",1,9
"20140924","PHI","MIA",2,1
"20140924","COL","SDN",3,4
"20140925","TBA","BOS",1,11
"20140925","KCA","CHA",6,3
"20140925","MIN","DET",2,4
"20140925","BAL","NYA",5,6
"20140925","OAK","TEX",1,2
"20140925","SEA","TOR",7,5
"20140925","PIT","ATL",10,1
"20140925","MIL","CIN",3,5
"20140925","PHI","MIA",4,6
"20140925","SDN","SFN",8,9
"20140925","NYN","WAS",7,4
"20140925","NYN","WAS",0,3
"20140926","NYA","BOS",3,2
"20140926","KCA","CHA",3,1
"20140926","TBA","CLE",0,1
"20140926","MIN","DET",11,4
"20140926","ANA","SEA",3,4
"20140926","OAK","TEX",6,2
"20140926","BAL","TOR",2,4
"20140926","SLN","ARI",7,6
"20140926","PIT","CIN",3,1
"20140926","COL","LAN",4,7
"20140926","CHN","MIL",6,4
"20140926","HOU","NYN",3,1
"20140926","ATL","PHI",4,5
"20140926","SDN","SFN",4,1
"20140926","MIA","WAS",0,4
"20140926","MIA","WAS",15,7
"20140927","NYA","BOS",4,10
"20140927","KCA","CHA",4,5
"20140927","TBA","CLE",2,0
"20140927","MIN","DET",12,3
"20140927","ANA","SEA",1,2
"20140927","OAK","TEX",4,5
"20140927","BAL","TOR",2,4
"20140927","SLN","ARI",2,5
"20140927","PIT","CIN",6,10
"20140927","COL","LAN",5,6
"20140927","CHN","MIL",1,2
"20140927","HOU","NYN",1,2
"20140927","ATL","PHI",4,2
"20140927","SDN","SFN",1,3
"20140927","MIA","WAS",1,5
"20140928","NYA","BOS",9,5
"20140928","KCA","CHA",6,4
"20140928","TBA","CLE",2,7
"20140928","MIN","DET",0,3
"20140928","ANA","SEA",1,4
"20140928","OAK","TEX",4,0
"20140928","BAL","TOR",1,0
"20140928","SLN","ARI",1,0
"20140928","PIT","CIN",1,4
"20140928","COL","LAN",5,10
"20140928","CHN","MIL",5,2
"20140928","HOU","NYN",3,8
"20140928","ATL","PHI",2,1
"20140928","SDN","SFN",3,9
"20140928","MIA","WAS",0,1
